{
  "checkpoint": "/home/harine/diffusion_policy/data/outputs/2026.04.29/16.45.01_train_diffusion_unet_eggplant_in_basket_lowdim_eggplant_in_basket_lowdim/checkpoints/latest.ckpt",
  "policy_type": "DiffusionUnetImagePolicy",
  "task": "widowx_put_eggplant_in_basket",
  "n_samples": 32,
  "n_episodes": 50,
  "n_rollout_steps": 80,
  "total_steps": 2667,
  "per_dim": {
    "dx": {
      "mean_std": 0.0019598370514201427,
      "std_of_std": 0.0008856987496246213,
      "p25": 0.001293423119932413,
      "p75": 0.002365807769820094,
      "min": 0.0005822301027365029,
      "max": 0.005917607340961695
    },
    "dy": {
      "mean_std": 0.002906978709645392,
      "std_of_std": 0.0014589021340578976,
      "p25": 0.0018565959762781858,
      "p75": 0.003635992296040058,
      "min": 0.0007616150542162359,
      "max": 0.014579465612769127
    },
    "dz": {
      "mean_std": 0.0030445481033665404,
      "std_of_std": 0.0017291337969440677,
      "p25": 0.001792723429389298,
      "p75": 0.003887908300384879,
      "min": 0.0006999829784035683,
      "max": 0.011206744238734245
    },
    "droll": {
      "mean_std": 0.009643624436995835,
      "std_of_std": 0.005427097591241501,
      "p25": 0.005042135948315263,
      "p75": 0.012658778112381697,
      "min": 0.0020423014648258686,
      "max": 0.031002281233668327
    },
    "dpitch": {
      "mean_std": 0.00990738956225225,
      "std_of_std": 0.0061270372021737865,
      "p25": 0.005010360851883888,
      "p75": 0.013536057434976101,
      "min": 0.002024503890424967,
      "max": 0.03200157731771469
    },
    "dyaw": {
      "mean_std": 0.01784378488558227,
      "std_of_std": 0.01397069849460276,
      "p25": 0.010886325035244226,
      "p75": 0.018293501809239388,
      "min": 0.00531898345798254,
      "max": 0.11064896732568741
    },
    "gripper": {
      "mean_std": 0.0720173044996929,
      "std_of_std": 0.10107287992268094,
      "p25": 0.00034366644104011357,
      "p75": 0.11964848637580872,
      "min": 2.882186890929006e-05,
      "max": 0.4874822795391083
    }
  },
  "overall_mean_std": 0.016760495321279333
}